r_um,h_waves_633nm,thickness_um
0.000000000000000000e+00,3.247319397475769698e-01,4.111106357204324380e-01
4.004004004004003470e+00,4.495668316118017760e-01,5.691516088205410551e-01
8.008008008008006939e+00,7.627623174911832837e-01,9.656570939438380297e-01
1.201201201201200952e+01,1.109997647579582747e+00,1.405257021835751630e+00
1.601601601601601388e+01,1.320099871366765321e+00,1.671246437150325059e+00
2.002002002002002001e+01,1.293656955438821532e+00,1.637769705585548019e+00
2.402402402402401904e+01,1.057757093704656537e+00,1.339120480630095367e+00
2.802802802802802518e+01,7.516790716931641692e-01,9.516257047635459099e-01
3.203203203203202776e+01,5.460421353554345547e-01,6.912893433599801574e-01
3.603603603603603034e+01,5.432667178267496233e-01,6.877756647686650293e-01
4.004004004004004003e+01,7.254873260888878850e-01,9.184669548285321339e-01
4.404404404404404261e+01,9.853776271790704033e-01,1.247488076008703040e+00
4.804804804804803808e+01,1.212765471754222890e+00,1.535361087240846079e+00
5.205205205205204777e+01,1.365493329159999547e+00,1.728714554716559437e+00
5.605605605605605035e+01,1.468492812295043359e+00,1.859111900365524983e+00
6.006006006006006004e+01,1.551654284390598937e+00,1.964394324038498452e+00
6.406406406406405551e+01,1.595610441435522109e+00,2.020042818857371358e+00
6.806806806806807231e+01,1.546794474740871728e+00,1.958241805021943671e+00
7.207207207207206068e+01,1.390730179785455656e+00,1.760664407608386828e+00
7.607607607607606326e+01,1.203843362066840950e+00,1.524065696376620815e+00
8.008008008008008005e+01,1.113049868649260921e+00,1.409121133709964280e+00
8.408408408408406842e+01,1.181768604927160071e+00,1.496119053837784652e+00
8.808808808808808521e+01,1.328307188601915323e+00,1.681636900770024923e+00
9.209209209209208780e+01,1.373239736748364637e+00,1.738521506723429644e+00
9.609609609609607617e+01,1.197767788893779439e+00,1.516374020739524653e+00
1.001001001001000930e+02,8.758907139490488269e-01,1.108877643859495832e+00
1.041041041041040955e+02,6.425797510579940308e-01,8.135059648394205034e-01
1.081081081081081123e+02,6.993971046854384754e-01,8.854367345317651905e-01
1.121121121121121007e+02,1.019986565161657754e+00,1.291302991494658770e+00
1.161161161161161033e+02,1.342738113478738615e+00,1.699906451664083162e+00
1.201201201201201201e+02,1.383018652740646282e+00,1.750901614369658299e+00
1.241241241241241227e+02,1.091550810507553759e+00,1.381903326102563057e+00
1.281281281281281110e+02,7.227445115130031184e-01,9.149945515754619452e-01
1.321321321321321136e+02,6.320793200428154179e-01,8.002124191742042703e-01
1.361361361361361446e+02,9.663724199064580578e-01,1.223427483601575938e+00
1.401401401401401188e+02,1.520139481566040285e+00,1.924496583662607119e+00
1.441441441441441214e+02,1.893929296929924844e+00,2.397714489913284730e+00
1.481481481481481524e+02,1.822446383161586470e+00,2.307217121082568489e+00
1.521521521521521265e+02,1.385742313131238523e+00,1.754349768424148026e+00
1.561561561561561291e+02,9.214192227732631579e-01,1.166516736030951185e+00
1.601601601601601601e+02,7.258049879649867142e-01,9.188691147636732781e-01
1.641641641641641627e+02,8.180879275747366952e-01,1.035699316309616647e+00
1.681681681681681368e+02,9.724359122896775176e-01,1.231103864958731808e+00
1.721721721721721678e+02,9.680921733842156041e-01,1.225604691504416976e+00
1.761761761761761704e+02,8.086995821447424682e-01,1.023813670995243896e+00
1.801801801801801446e+02,7.040526106553074426e-01,8.913306050896192545e-01
1.841841841841841756e+02,8.428032061963024457e-01,1.066988859044518900e+00
1.881881881881881782e+02,1.184371482412162946e+00,1.499414296733798446e+00
1.921921921921921523e+02,1.474167209118501631e+00,1.866295686744023241e+00
1.961961961961961833e+02,1.468522507321029069e+00,1.859149494268423020e+00
2.002002002002001859e+02,1.157233552913279784e+00,1.465057677988212292e+00
2.042042042042042169e+02,7.786241933698917483e-01,9.857382288062829234e-01
2.082082082082081911e+02,6.190700163245486110e-01,7.837426406668785983e-01
2.122122122122121937e+02,7.831521645531174247e-01,9.914706403242466992e-01
2.162162162162162247e+02,1.133367358153674731e+00,1.434843075422552294e+00
2.202202202202201988e+02,1.431698342960007642e+00,1.812530102187369874e+00
2.242242242242242014e+02,1.536879241165817866e+00,1.945689119315925364e+00
2.282282282282282324e+02,1.483692627690824661e+00,1.878354866656583910e+00
2.322322322322322066e+02,1.400957157470890779e+00,1.773611761358147909e+00
2.362362362362362092e+02,1.373771452252844361e+00,1.739194658552100980e+00
2.402402402402402402e+02,1.384461278307318022e+00,1.752727978337064618e+00
2.442442442442442143e+02,1.367447616315276449e+00,1.731188682255139888e+00
2.482482482482482453e+02,1.299013067461769699e+00,1.644550543406600562e+00
2.522522522522522479e+02,1.224203051313734081e+00,1.549841062963187577e+00
2.562562562562562221e+02,1.202543036425011591e+00,1.522419484114064581e+00
2.602602602602602246e+02,1.239575491210226588e+00,1.569302571872146945e+00
2.642642642642642272e+02,1.278145927321257425e+00,1.618132743988712097e+00
2.682682682682682866e+02,1.256168791849698207e+00,1.590309690481717997e+00
2.722722722722722892e+02,1.171577835114979926e+00,1.483217539255564654e+00
2.762762762762762918e+02,1.092875560948496361e+00,1.383580460160796610e+00
2.802802802802802375e+02,1.107520852588389282e+00,1.402121399376901056e+00
2.842842842842842401e+02,1.252984689480842295e+00,1.586278616882746295e+00
2.882882882882882427e+02,1.483069703492038593e+00,1.877566244620920921e+00
2.922922922922923021e+02,1.690481389525910316e+00,2.140149439139802823e+00
2.962962962962963047e+02,1.769659328014068000e+00,2.240388709265810352e+00
3.003003003003003073e+02,1.684233480593335219e+00,2.132239586431162515e+00
3.043043043043042530e+02,1.501017102315351792e+00,1.900287651531235467e+00
3.083083083083082556e+02,1.363222173970493278e+00,1.725839272246644462e+00
3.123123123123122582e+02,1.404238793636783944e+00,1.777766312744168520e+00
3.163163163163163176e+02,1.647094830949569877e+00,2.085222055982155265e+00
3.203203203203203202e+02,1.964115303808698698e+00,2.486569974621812396e+00
3.243243243243243228e+02,2.146558138285277639e+00,2.717542603069161178e+00
3.283283283283283254e+02,2.052800597508881442e+00,2.598845556446244043e+00
3.323323323323322711e+02,1.725567316322253353e+00,2.184568222463972642e+00
3.363363363363362737e+02,1.372694158770188411e+00,1.737830805003058643e+00
3.403403403403403331e+02,1.209435447768825389e+00,1.531145276875332861e+00
3.443443443443443357e+02,1.283837919933180416e+00,1.625338806635406419e+00
3.483483483483483383e+02,1.435269138326086491e+00,1.817050729120825547e+00
3.523523523523523409e+02,1.430220295128321162e+00,1.810658893632454580e+00
3.563563563563563434e+02,1.164944438075241839e+00,1.474819658603256256e+00
3.603603603603602892e+02,7.616014439377564171e-01,9.641874280251996332e-01
3.643643643643643486e+02,4.755169621474022446e-01,6.020044740786112403e-01
3.683683683683683512e+02,4.956772811507389465e-01,6.275274379368355193e-01
3.723723723723723538e+02,8.085820791539156671e-01,1.023664912208857247e+00
3.763763763763763563e+02,1.229680666774309428e+00,1.556775724136275851e+00
3.803803803803803589e+02,1.554853402062210455e+00,1.968444407010758512e+00
3.843843843843843047e+02,1.690909447602253035e+00,2.140691360664452425e+00
3.883883883883883641e+02,1.667898429610328748e+00,2.111559411886676063e+00
3.923923923923923667e+02,1.559535973829012656e+00,1.974372542867530056e+00
3.963963963963963693e+02,1.413497681045619236e+00,1.789488064203754059e+00
4.004004004004003718e+02,1.254738174082896673e+00,1.588498528388947229e+00
4.044044044044043744e+02,1.128607825622686800e+00,1.428817507238321571e+00
4.084084084084084338e+02,1.106402181656382044e+00,1.400705161976979696e+00
4.124124124124123796e+02,1.228268014126838281e+00,1.554987305884577120e+00
4.164164164164163822e+02,1.442443005806963274e+00,1.826132845351615464e+00
4.204204204204203847e+02,1.617599115698013179e+00,2.047880480473684983e+00
4.244244244244243873e+02,1.633831955742996556e+00,2.068431255970633487e+00
4.284284284284283899e+02,1.474001945644885847e+00,1.866086463186425570e+00
4.324324324324324493e+02,1.231859077477448938e+00,1.559533592086450371e+00
4.364364364364363951e+02,1.033436509472459797e+00,1.308330620992134152e+00
4.404404404404403977e+02,9.494673099681500972e-01,1.202025614419677924e+00
4.444444444444444002e+02,9.755701615049090503e-01,1.235071824465215018e+00
4.484484484484484028e+02,1.079678438240743832e+00,1.366872902812781732e+00
4.524524524524524054e+02,1.248728394845233458e+00,1.580890147874065566e+00
4.564564564564564648e+02,1.479858813864197264e+00,1.873501258352073817e+00
4.604604604604604674e+02,1.735074581741499422e+00,2.196604420484737918e+00
4.644644644644644131e+02,1.926476377520508265e+00,2.438919093940963734e+00
4.684684684684684157e+02,1.966616112088568347e+00,2.489735997904127807e+00
4.724724724724724183e+02,1.841799660080424506e+00,2.331718369661817558e+00
4.764764764764764209e+02,1.632077245116100528e+00,2.066209792316983318e+00
4.804804804804804803e+02,1.450782408338945784e+00,1.836690528957105384e+00
4.844844844844844829e+02,1.357874202352499449e+00,1.719068740178264276e+00
4.884884884884884286e+02,1.328123936344132616e+00,1.681404903411672036e+00
4.924924924924924881e+02,1.299021020398825277e+00,1.644560611824912977e+00
4.964964964964964906e+02,1.244196056598689371e+00,1.575152207653940595e+00
5.005005005005004932e+02,1.198435820362099724e+00,1.517219748578418459e+00
5.045045045045044958e+02,1.216265575154190648e+00,1.539792218145205283e+00
5.085085085085084984e+02,1.313914306904934159e+00,1.663415512541646546e+00
5.125125125125124441e+02,1.453327511658470739e+00,1.839912629759623997e+00
5.165165165165165035e+02,1.574972679907634898e+00,1.993915412763065831e+00
5.205205205205204493e+02,1.636913585140408189e+00,2.072332598787756552e+00
5.245245245245245087e+02,1.623807028758667226e+00,2.055739698408472815e+00
5.285285285285284544e+02,1.534593612499168813e+00,1.942795513423947629e+00
5.325325325325324002e+02,1.380941560340042784e+00,1.748272015390494039e+00
5.365365365365365733e+02,1.201593936374835803e+00,1.521217923450542076e+00
5.405405405405405190e+02,1.060196179820423357e+00,1.342208363652656056e+00
5.445445445445445785e+02,1.003425938220348090e+00,1.270337237786960838e+00
5.485485485485485242e+02,1.011093087675946522e+00,1.280043848997748368e+00
5.525525525525525836e+02,1.002476797874209957e+00,1.269135626108749859e+00
5.565565565565565294e+02,9.178892843079486941e-01,1.162047833933863128e+00
5.605605605605604751e+02,8.051642379578689557e-01,1.019337925254662158e+00
5.645645645645645345e+02,8.085669837502854618e-01,1.023645801427861324e+00
5.685685685685684803e+02,1.039633986705316371e+00,1.316176627168930580e+00
5.725725725725725397e+02,1.438906817574262087e+00,1.821656031049015745e+00
5.765765765765764854e+02,1.776467691635348789e+00,2.249008097610351697e+00
5.805805805805805448e+02,1.824101979242750637e+00,2.309313105721322312e+00
5.845845845845846043e+02,1.559129061571769448e+00,1.973857391949860096e+00
5.885885885885885500e+02,1.204887219198085724e+00,1.525387219504776626e+00
5.925925925925926094e+02,1.050447993159933091e+00,1.329867159340475391e+00
5.965965965965965552e+02,1.203401170282317079e+00,1.523505881577413401e+00
6.006006006006006146e+02,1.505767611225897307e+00,1.906301795811986111e+00
6.046046046046045603e+02,1.695764688906927997e+00,2.146838096156170828e+00
6.086086086086085061e+02,1.661071213668154911e+00,2.102916156503884082e+00
6.126126126126125655e+02,1.536308783284684676e+00,1.944966919638410729e+00
6.166166166166165112e+02,1.548442191995046180e+00,1.960327815065728396e+00
6.206206206206205707e+02,1.765312161401001445e+00,2.234885196333667778e+00
6.246246246246245164e+02,2.003839647568566917e+00,2.536860993821805632e+00
6.286286286286285758e+02,1.999050922308960754e+00,2.530798467643144534e+00
6.326326326326326353e+02,1.673359377406219428e+00,2.118472971796273807e+00
6.366366366366365810e+02,1.238759703859468209e+00,1.568269785086086721e+00
6.406406406406406404e+02,1.022798944083129991e+00,1.294863463209242616e+00
6.446446446446445862e+02,1.178169026047862111e+00,1.491561986976593479e+00
6.486486486486486456e+02,1.549855868761021327e+00,1.962117529851453046e+00
6.526526526526525913e+02,1.821479010771015261e+00,2.305992427636105457e+00
6.566566566566566507e+02,1.796307566445407122e+00,2.274125379119885437e+00
6.606606606606605965e+02,1.549448839888405427e+00,1.961602231298721133e+00
6.646646646646645422e+02,1.324516536574678272e+00,1.676837935303542748e+00
6.686686686686686016e+02,1.295184950664172163e+00,1.639704147540842039e+00
6.726726726726725474e+02,1.424659578166920015e+00,1.803619025959320776e+00
6.766766766766767205e+02,1.537064201941901631e+00,1.945923279658447580e+00
6.806806806806806662e+02,1.501051123927972464e+00,1.900330722892813240e+00
6.846846846846847257e+02,1.335598712260323673e+00,1.690867969721569830e+00
6.886886886886886714e+02,1.155343455523395457e+00,1.462664814692618664e+00
6.926926926926926171e+02,1.045671221370163106e+00,1.323819766254626717e+00
6.966966966966966766e+02,1.010855840894223867e+00,1.279743494572087581e+00
7.007007007007006223e+02,1.030860451189730798e+00,1.305069331206199168e+00
7.047047047047046817e+02,1.129273345849714616e+00,1.429660055845738853e+00
7.087087087087086275e+02,1.349249125332611543e+00,1.708149392671086231e+00
7.127127127127126869e+02,1.657428334305011131e+00,2.098304271230144291e+00
7.167167167167166326e+02,1.900465592550794280e+00,2.405989440169305382e+00
7.207207207207205784e+02,1.897596310652234219e+00,2.402356929285728970e+00
7.247247247247247515e+02,1.602912700510591426e+00,2.029287478846408810e+00
7.287287287287286972e+02,1.176769185470695867e+00,1.489789788805900850e+00
7.327327327327327566e+02,8.783411773458960070e-01,1.111979930519904292e+00
7.367367367367367024e+02,8.644477139316304459e-01,1.094390805837444081e+00
7.407407407407406481e+02,1.075784076666795208e+00,1.361942641060162940e+00
7.447447447447447075e+02,1.309660807186722176e+00,1.658030581898390476e+00
7.487487487487486533e+02,1.401109258826745085e+00,1.773804321674659290e+00
7.527527527527527127e+02,1.341061956882737549e+00,1.697784437413545788e+00
7.567567567567566584e+02,1.238968457489226349e+00,1.568534067181360570e+00
7.607607607607607179e+02,1.196239684328847641e+00,1.514439440360321187e+00
7.647647647647646636e+02,1.229001907607202515e+00,1.555916415030718536e+00
7.687687687687686093e+02,1.299708990614991233e+00,1.645431582118578762e+00
7.727727727727727824e+02,1.387985465790005035e+00,1.757189599690146542e+00
7.767767767767767282e+02,1.499016770095457529e+00,1.897755230940849414e+00
7.807807807807807876e+02,1.602355582499684905e+00,2.028582167444600959e+00
7.847847847847847333e+02,1.597434099337239344e+00,2.022351569760945100e+00
7.887887887887887928e+02,1.385583486571190681e+00,1.754148693999127540e+00
7.927927927927927385e+02,1.001326174570287275e+00,1.267678937005983775e+00
7.967967967967966842e+02,6.605937258526733968e-01,8.363116569294846148e-01
8.008008008008007437e+02,6.392533521208276781e-01,8.092947437849679071e-01
8.048048048048046894e+02,1.060044545110099490e+00,1.342016394109386113e+00
8.088088088088087488e+02,1.772538878989210698e+00,2.244034220800340762e+00
8.128128128128126946e+02,2.441435884675048129e+00,3.090857829998610917e+00
8.168168168168168677e+02,2.773516652806020666e+00,3.511272082452422172e+00
8.208208208208208134e+02,2.693006395082856663e+00,3.409346096174896701e+00
8.248248248248247592e+02,2.334387852169801381e+00,2.955335020846968419e+00
8.288288288288288186e+02,1.894746983409908214e+00,2.398749680996944189e+00
8.328328328328327643e+02,1.499829472803883013e+00,1.898784112569716021e+00
8.368368368368368237e+02,1.188416144329996538e+00,1.504534838721775847e+00
8.408408408408407695e+02,9.792902521073760802e-01,1.239781459167938138e+00
8.448448448448448289e+02,9.100234504610047459e-01,1.152089688283632007e+00
8.488488488488487747e+02,9.973903653197238039e-01,1.262696202494770326e+00
8.528528528528527204e+02,1.181331230267000931e+00,1.495565337518023119e+00
8.568568568568567798e+02,1.342533348335546606e+00,1.699647218992802022e+00
8.608608608608607256e+02,1.396067530869068873e+00,1.767421494080241073e+00
8.648648648648648987e+02,1.365290365242129766e+00,1.728457602396536341e+00
8.688688688688688444e+02,1.350468264025962206e+00,1.709692822256868139e+00
8.728728728728727901e+02,1.419497453379502616e+00,1.797083775978450371e+00
8.768768768768768496e+02,1.536820776370350750e+00,1.945615102884864056e+00
8.808808808808807953e+02,1.606958959306475698e+00,2.034410042481998193e+00
8.848848848848848547e+02,1.581177046751466531e+00,2.001770141187356522e+00
8.888888888888888005e+02,1.503727856577983246e+00,1.903719466427726825e+00
8.928928928928928599e+02,1.443723515168909843e+00,1.827753970203839895e+00
8.968968968968968056e+02,1.395337793257634074e+00,1.766497646264164834e+00
9.009009009009007514e+02,1.275135171039722515e+00,1.614321126536288675e+00
9.049049049049048108e+02,1.038156104269612356e+00,1.314305628005329352e+00
9.089089089089088702e+02,7.862467060589540813e-01,9.953883298706358573e-01
9.129129129129129296e+02,7.247621492866648252e-01,9.175488809969176707e-01
9.169169169169168754e+02,9.756029887197293915e-01,1.235113383719177227e+00
9.209209209209209348e+02,1.423623367628804814e+00,1.802307183418066838e+00
9.249249249249248805e+02,1.770609456149662808e+00,2.241591571485472834e+00
9.289289289289288263e+02,1.777472747222386573e+00,2.250280497983541572e+00
9.329329329329328857e+02,1.478635220377391812e+00,1.871952188997778155e+00
9.369369369369368314e+02,1.160098986931729748e+00,1.468685317455569850e+00
9.409409409409408909e+02,1.111202135704167926e+00,1.406781903801476608e+00
9.449449449449448366e+02,1.377553431502050341e+00,1.743982644281595773e+00
9.489489489489488960e+02,1.740563476663408826e+00,2.203553361455875770e+00
9.529529529529528418e+02,1.928354638492185691e+00,2.441296972331107096e+00
9.569569569569569012e+02,1.845891026434446358e+00,2.336898039466008825e+00
9.609609609609609606e+02,1.613900987290810329e+00,2.043198649910165976e+00
9.649649649649649064e+02,1.413263639302709818e+00,1.789191767357230622e+00
9.689689689689689658e+02,1.321231809748910191e+00,1.672679471142120233e+00
9.729729729729729115e+02,1.304120293715736567e+00,1.651016291844122685e+00
9.769769769769768573e+02,1.336455033213883370e+00,1.691952072048776401e+00
9.809809809809809167e+02,1.472464053152092056e+00,1.864139491290548678e+00
9.849849849849849761e+02,1.763520332060401596e+00,2.232616740388468468e+00
9.889889889889889218e+02,2.115651567787069975e+00,2.678414884818430597e+00
9.929929929929929813e+02,2.280960348062232690e+00,2.887695800646786548e+00
9.969969969969969270e+02,2.047643563915185094e+00,2.592316751916624362e+00
1.001001001001000986e+03,1.463517415025680668e+00,1.852813047422511739e+00
1.005005005005004932e+03,8.529377312750514584e-01,1.079819167794215051e+00
1.009009009009008992e+03,5.710299080521766824e-01,7.229238635940556934e-01
1.013013013013012824e+03,7.079234343736154900e-01,8.962310679169972483e-01
1.017017017017016997e+03,1.027226494569422943e+00,1.300468742124889499e+00
1.021021021021020829e+03,1.205795988993925594e+00,1.526537722066309888e+00
1.025025025025024888e+03,1.144429879667419714e+00,1.448848227658953380e+00
1.029029029029029061e+03,1.044551271205657494e+00,1.322401909346362370e+00
1.033033033033033007e+03,1.177932780451806938e+00,1.491262900051987694e+00
1.037037037037036953e+03,1.584892996612285110e+00,2.006474533711152919e+00
1.041041041041040899e+03,2.008188257546764444e+00,2.542366334054203758e+00
1.045045045045045072e+03,2.130856832488782437e+00,2.697664749930798411e+00
1.049049049049049017e+03,1.879607351499516632e+00,2.379582906998388037e+00
1.053053053053052963e+03,1.492312957111711524e+00,1.889268203703426741e+00
1.057057057057056909e+03,1.288906161789350913e+00,1.631755200825318219e+00
1.061061061061061082e+03,1.379530833204372309e+00,1.746486034836735479e+00
1.065065065065064800e+03,1.593448209873633115e+00,2.017305433700019801e+00
1.069069069069068973e+03,1.676715231445638388e+00,2.122721483010177934e+00
1.073073073073073147e+03,1.538351883319002633e+00,1.947553484281857372e+00
1.077077077077077092e+03,1.298526332392990978e+00,1.643934336809526719e+00
1.081081081081081038e+03,1.119891397928656884e+00,1.417782509777679500e+00
1.085085085085084984e+03,1.030945625060826654e+00,1.305177161327006674e+00
1.089089089089089157e+03,9.366880782088009560e-01,1.185847107012341972e+00
1.093093093093092875e+03,7.845954552586790198e-01,9.932978463574876349e-01
1.097097097097097048e+03,6.725855898194613713e-01,8.514933567114381097e-01
1.101101101101100994e+03,7.539920857874511384e-01,9.545539806069130995e-01
1.105105105105105167e+03,1.036353439816887878e+00,1.312023454808179945e+00
1.109109109109108886e+03,1.312372657523793729e+00,1.661463784425122991e+00
1.113113113113113059e+03,1.333468526447615599e+00,1.688171154482681402e+00
1.117117117117117004e+03,1.066906421213372091e+00,1.350703529256129132e+00
1.121121121121120950e+03,7.615448617491489269e-01,9.641157949744225686e-01
1.125125125125125123e+03,7.271359272746492630e-01,9.205540839297060574e-01
1.129129129129129069e+03,1.032425316664583148e+00,1.307050450897362381e+00
1.133133133133133242e+03,1.429811991983578556e+00,1.810141981851210558e+00
1.137137137137136961e+03,1.596179190129066949e+00,2.020762854703399114e+00
1.141141141141141134e+03,1.455078060528708361e+00,1.842128824629345019e+00
1.145145145145145079e+03,1.252258676104061497e+00,1.585359483947742065e+00
1.149149149149149025e+03,1.301609525951146429e+00,1.647837659854151537e+00
1.153153153153152971e+03,1.657043482031406167e+00,2.097817048251760408e+00
1.157157157157157144e+03,2.047641829170560257e+00,2.592314555729929637e+00
1.161161161161161090e+03,2.147237989412907222e+00,2.718403294596740682e+00
1.165165165165165035e+03,1.904814410572778449e+00,2.411495043785137682e+00
1.169169169169169209e+03,1.594970951639689272e+00,2.019233224775846658e+00
1.173173173173173154e+03,1.532515873226693470e+00,1.940165095504994053e+00
1.177177177177177100e+03,1.742405402671297177e+00,2.205885239781862239e+00
1.181181181181181046e+03,1.927624430623877672e+00,2.440372529169828830e+00
1.185185185185185219e+03,1.776000178378945416e+00,2.248416225827745141e+00
1.189189189189189165e+03,1.298236908103365783e+00,1.643567925658861117e+00
1.193193193193193110e+03,8.506541130577039977e-01,1.076928107131053469e+00
1.197197197197197056e+03,8.095174206264210692e-01,1.024849054513049085e+00
1.201201201201201229e+03,1.213350688530469679e+00,1.536101971679574518e+00
1.205205205205204948e+03,1.723144970848310198e+00,2.181501533093960887e+00
1.209209209209209121e+03,1.936833769960388363e+00,2.452031552769851963e+00
1.213213213213213294e+03,1.750787189046235648e+00,2.216496581332534355e+00
1.217217217217217012e+03,1.427138242109398991e+00,1.806757014510499193e+00
1.221221221221221185e+03,1.323216027232240188e+00,1.675191490476016121e+00
1.225225225225225131e+03,1.561340691973361006e+00,1.976657316038275214e+00
1.229229229229229304e+03,1.948486464950480501e+00,2.466783864627308365e+00
1.233233233233233022e+03,2.187165214398949065e+00,2.768951161429069607e+00
1.237237237237237196e+03,2.139727544836899309e+00,2.708895071763514739e+00
1.241241241241241141e+03,1.894111498757131251e+00,2.397945157426528251e+00
1.245245245245245087e+03,1.614900125248986740e+00,2.044463558565217109e+00
1.249249249249249033e+03,1.380613837819956613e+00,1.747857118680065103e+00
1.253253253253253206e+03,1.182068538370355082e+00,1.496498769576869448e+00
1.257257257257257152e+03,1.041393968584809260e+00,1.318404764228368720e+00
1.261261261261261097e+03,1.064372592451396260e+00,1.347495702043467691e+00
1.265265265265265271e+03,1.328707828091255649e+00,1.682144110363529732e+00
1.269269269269269216e+03,1.730271348047647262e+00,2.190523526628321616e+00
1.273273273273273162e+03,1.996531882392979629e+00,2.527609363109512230e+00
1.277277277277277108e+03,1.911443976522800847e+00,2.419888074277865897e+00
1.281281281281281281e+03,1.546353931128152004e+00,1.957684076808240636e+00
1.285285285285285227e+03,1.239469677483985732e+00,1.569168611694725879e+00
1.289289289289289172e+03,1.298893339582444462e+00,1.644398967911374632e+00
1.293293293293293118e+03,1.698360245850931927e+00,2.150124071247280000e+00
1.297297297297297291e+03,2.077147974120899132e+00,2.629669335237058370e+00
1.301301301301301010e+03,2.074507580711709931e+00,2.626326597181024791e+00
1.305305305305305183e+03,1.690065736297230892e+00,2.139623222152294169e+00
1.309309309309309356e+03,1.311330949086384035e+00,1.660144981543362430e+00
1.313313313313313301e+03,1.358795958837653473e+00,1.720235683888469369e+00
1.317317317317317247e+03,1.875564447273468716e+00,2.374464590248211326e+00
1.321321321321321193e+03,2.457608863132544119e+00,3.111332820725800641e+00
1.325325325325325366e+03,2.602669566033948723e+00,3.294979670598979116e+00
1.329329329329329084e+03,2.154207871890302606e+00,2.727227165813123300e+00
1.333333333333333258e+03,1.424470577658859538e+00,1.803379751316116275e+00
1.337337337337337203e+03,8.901222627965945655e-01,1.126894784700488650e+00
1.341341341341341376e+03,7.629587587032821139e-01,9.659057885183550685e-01
1.345345345345345095e+03,8.474807613581594179e-01,1.072910643879430026e+00
1.349349349349349268e+03,8.040210872819835153e-01,1.017890696498991110e+00
1.353353353353353441e+03,5.344361402121815541e-01,6.765961535086217893e-01
1.357357357357357159e+03,2.941792881338296528e-01,3.724309787774283675e-01
1.361361361361361332e+03,4.175138005720602230e-01,5.285724715242282601e-01
1.365365365365365278e+03,9.366159032815913887e-01,1.185755733554494595e+00
1.369369369369369451e+03,1.487892544089437052e+00,1.883671960817227431e+00
1.373373373373373170e+03,1.618301406151137378e+00,2.048769580187340011e+00
1.377377377377377343e+03,1.207551061963246575e+00,1.528759644445470078e+00
1.381381381381381289e+03,5.990957567275211337e-01,7.584552280170417937e-01
1.385385385385385234e+03,3.050498110369417315e-01,3.861930607727682707e-01
1.389389389389389180e+03,5.543257675182663435e-01,7.017764216781251507e-01
1.393393393393393353e+03,1.101124139354077602e+00,1.394023160422262375e+00
1.397397397397397299e+03,1.464323796213124584e+00,1.853833926005815647e+00
1.401401401401401245e+03,1.366700954190162465e+00,1.730243408004745742e+00
1.405405405405405418e+03,9.665263395852989881e-01,1.223622345914988641e+00
1.409409409409409363e+03,6.806727623116826109e-01,8.617317170865901321e-01
1.413413413413413309e+03,7.821630497400303694e-01,9.902184209708784213e-01
1.417417417417417255e+03,1.153403918989288623e+00,1.460209361440439446e+00
1.421421421421421428e+03,1.414438261386383733e+00,1.790678838915161775e+00
1.425425425425425374e+03,1.290124743809785368e+00,1.633297925663188321e+00
1.429429429429429319e+03,8.677454160971831421e-01,1.098565696779033818e+00
1.433433433433433265e+03,5.139056325125611613e-01,6.506045307609025219e-01
1.437437437437437438e+03,5.408891804043901574e-01,6.847657023919578867e-01
1.441441441441441157e+03,9.338997938943991439e-01,1.182317139070309331e+00
1.445445445445445330e+03,1.378325457215950456e+00,1.744960028835393251e+00
1.449449449449449503e+03,1.544988277637765917e+00,1.955955159489411788e+00
1.453453453453453449e+03,1.367280802345265833e+00,1.730977495769106644e+00
1.457457457457457394e+03,1.071517303075816940e+00,1.356540905693984334e+00
1.461461461461461340e+03,9.558784613383362050e-01,1.210142132054333519e+00
1.465465465465465513e+03,1.130699260076183155e+00,1.431465263256447962e+00
1.469469469469469232e+03,1.445591294068548693e+00,1.830118578290782727e+00
1.473473473473473405e+03,1.646079014585329681e+00,2.083936032465027566e+00
1.477477477477477350e+03,1.601981672081452146e+00,2.028108796855118356e+00
1.481481481481481296e+03,1.405634099533231041e+00,1.779532770009070619e+00
1.485485485485485242e+03,1.270382847027892836e+00,1.608304684337312329e+00
1.489489489489489415e+03,1.335897626452474896e+00,1.691246395088833232e+00
1.493493493493493588e+03,1.553150601664860408e+00,1.966288661707713326e+00
1.497497497497497307e+03,1.736692180639324068e+00,2.198652300689384553e+00
1.501501501501501480e+03,1.725059188459589166e+00,2.183924932589840218e+00
1.505505505505505425e+03,1.509967690124444317e+00,1.911619095697546511e+00
1.509509509509509371e+03,1.236545771690173767e+00,1.565466946959759964e+00
1.513513513513513317e+03,1.089001066858978017e+00,1.378675350643466135e+00
1.517517517517517490e+03,1.160069051194398071e+00,1.468647418812107919e+00
1.521521521521521436e+03,1.398959524096800022e+00,1.771082757506548866e+00
1.525525525525525381e+03,1.660402434575065644e+00,2.102069482172033155e+00
1.529529529529529327e+03,1.803819665187038179e+00,2.283635696126790737e+00
1.533533533533533500e+03,1.770047292034693021e+00,2.240879871715921290e+00
1.537537537537537219e+03,1.595912465365539656e+00,2.020425181152773142e+00
1.541541541541541392e+03,1.376450417351115840e+00,1.742586228366512779e+00
1.545545545545545565e+03,1.211239522912283206e+00,1.533429236006950580e+00
1.549549549549549511e+03,1.164545652440271972e+00,1.474314795989384530e+00
1.553553553553553456e+03,1.246900849522594168e+00,1.578576475495604203e+00
1.557557557557557402e+03,1.412653528487791910e+00,1.788419367065544607e+00
1.561561561561561575e+03,1.571670683867556040e+00,1.989735085776325851e+00
1.565565565565565294e+03,1.621109692692328075e+00,2.052324870948487145e+00
1.569569569569569467e+03,1.497510145047171060e+00,1.895847843629718588e+00
1.573573573573573412e+03,1.228033377721193808e+00,1.554690256195031317e+00
1.577577577577577586e+03,9.415501500484813047e-01,1.192002489961377254e+00
1.581581581581581304e+03,8.108858213217176036e-01,1.026581449793294354e+00
1.585585585585585477e+03,9.427534174438343406e-01,1.193525826483894159e+00
1.589589589589589650e+03,1.283798036100753270e+00,1.625288313703553644e+00
1.593593593593593368e+03,1.623083472074314582e+00,2.054823675646082037e+00
1.597597597597597542e+03,1.716950866192347824e+00,2.173659796599512362e+00
1.601601601601601487e+03,1.467975942742245632e+00,1.858457543511683019e+00
1.605605605605605660e+03,1.027226329699963969e+00,1.300468533400154447e+00
1.609609609609609379e+03,7.216400945733764116e-01,9.135963597298946137e-01
1.613613613613613552e+03,8.311603949325306884e-01,1.052249059984583957e+00
1.617617617617617498e+03,1.367391603477645656e+00,1.731117770002699396e+00
1.621621621621621443e+03,2.029174459314572410e+00,2.568934865492248587e+00
1.625625625625625389e+03,2.392553149139931890e+00,3.028972286811153491e+00
1.629629629629629562e+03,2.211169123118073454e+00,2.799340109867480830e+00
1.633633633633633735e+03,1.602331122229238236e+00,2.028551200742215510e+00
1.637637637637637454e+03,9.673643415152732850e-01,1.224683256358335859e+00
1.641641641641641627e+03,6.974655572974071127e-01,8.829913955385174651e-01
1.645645645645645573e+03,8.892918560138717288e-01,1.125843489713561629e+00
1.649649649649649518e+03,1.292259888752288255e+00,1.636001019160397085e+00
1.653653653653653464e+03,1.526228421950021730e+00,1.932205182188727610e+00
1.657657657657657637e+03,1.390913644442951957e+00,1.760896673864777329e+00
1.661661661661661583e+03,1.017100267216765053e+00,1.287648938296424461e+00
1.665665665665665529e+03,7.439757414321799267e-01,9.418732886531397952e-01
1.669669669669669474e+03,8.329044148814528370e-01,1.054456989239919373e+00
1.673673673673673647e+03,1.255770357612596699e+00,1.589805272737547348e+00
1.677677677677677593e+03,1.723115411800787200e+00,2.181464111339796563e+00
1.681681681681681539e+03,1.913979448630222180e+00,2.423097981965861347e+00
1.685685685685685712e+03,1.711876679277382740e+00,2.167235875965166425e+00
1.689689689689689658e+03,1.265698463576489852e+00,1.602374254887836136e+00
1.693693693693693604e+03,8.520658208837905701e-01,1.078715329238878917e+00
1.697697697697697549e+03,6.712206965514554424e-01,8.497654018341426196e-01
1.701701701701701722e+03,7.357093541235234513e-01,9.314080423203807690e-01
1.705705705705705441e+03,9.089859181819996969e-01,1.150776172418411569e+00
1.709709709709709614e+03,1.027511635586316974e+00,1.300829730652277361e+00
1.713713713713713560e+03,1.000344839817681519e+00,1.266436567209184849e+00
1.717717717717717733e+03,8.347723007181591104e-01,1.056821732709189332e+00
1.721721721721721451e+03,6.098538468553231784e-01,7.720749701188391878e-01
1.725725725725725624e+03,4.399245459579045336e-01,5.569444751827070661e-01
1.729729729729729797e+03,4.388669674982810243e-01,5.556055808528238549e-01
1.733733733733733516e+03,6.715438990869957436e-01,8.501745762441366150e-01
1.737737737737737689e+03,1.099581508442632583e+00,1.392070189688372928e+00
1.741741741741741635e+03,1.566780666391325516e+00,1.983544323651418084e+00
1.745745745745745580e+03,1.865090048063049233e+00,2.361204000847820339e+00
1.749749749749749526e+03,1.858919734959703751e+00,2.353392384458985021e+00
1.753753753753753699e+03,1.579594060537228950e+00,1.999766080640132060e+00
1.757757757757757645e+03,1.207158147067722398e+00,1.528262214187736667e+00
1.761761761761761591e+03,9.437522471606851759e-01,1.194790344905427570e+00
1.765765765765765536e+03,8.769067176679643527e-01,1.110163904567642801e+00
1.769769769769769709e+03,9.421459630505578664e-01,1.192756789222006342e+00
1.773773773773773655e+03,1.007270679726762541e+00,1.275204680534081536e+00
1.777777777777777601e+03,9.950174042208368430e-01,1.259692033743579520e+00
1.781781781781781774e+03,9.346212921688146213e-01,1.183230555885719459e+00
1.785785785785785720e+03,9.073824870394705533e-01,1.148746228591969842e+00
1.789789789789789666e+03,9.515871486345099939e-01,1.204709330171289672e+00
1.793793793793793611e+03,1.022427767761075801e+00,1.294393553985522027e+00
1.797797797797797784e+03,1.040157326253068781e+00,1.316839175036385035e+00
1.801801801801801503e+03,9.722769258009500426e-01,1.230902588064002767e+00
1.805805805805805676e+03,8.688131588580322306e-01,1.099917459114268858e+00
1.809809809809809622e+03,8.223940955505745221e-01,1.041150924967027436e+00
1.813813813813813795e+03,8.968281032578937495e-01,1.135384378724493493e+00
1.817817817817817740e+03,1.088178862086533361e+00,1.377634439401551170e+00
1.821821821821821686e+03,1.340605076150485742e+00,1.697206026406514967e+00
1.825825825825825859e+03,1.587751124598649088e+00,2.010092923741889859e+00
1.829829829829829578e+03,1.781102441510223677e+00,2.254875690951943401e+00
1.833833833833833751e+03,1.896671607609699661e+00,2.401186255233879852e+00
1.837837837837837696e+03,1.935716027638242354e+00,2.450616490990014995e+00
1.841841841841841870e+03,1.925746460700831886e+00,2.437995019247253037e+00
1.845845845845845588e+03,1.906766924885484382e+00,2.413966926905023236e+00
1.849849849849849761e+03,1.894706973956691964e+00,2.398699029029172092e+00
1.853853853853853707e+03,1.850641336993924746e+00,2.342911932634308858e+00
1.857857857857857653e+03,1.702860451338919612e+00,2.155821331395072260e+00
1.861861861861861598e+03,1.428443703524445052e+00,1.808409728661947380e+00
1.865865865865865771e+03,1.127933830881383770e+00,1.427964229895831938e+00
1.869869869869869945e+03,1.001393503205927349e+00,1.267764175058703868e+00
1.873873873873873663e+03,1.206233134929290740e+00,1.527091148820482136e+00
1.877877877877877836e+03,1.696959837836062412e+00,2.148351154700455456e+00
1.881881881881881782e+03,2.196986589258949962e+00,2.781385022001830798e+00
1.885885885885885727e+03,2.362899537278364548e+00,2.991430814194409926e+00
1.889889889889889673e+03,2.034176460596212266e+00,2.575267399114804956e+00
1.893893893893893846e+03,1.367744503184274762e+00,1.731564541031291871e+00
1.897897897897897792e+03,7.361354333447458487e-01,9.319474586144482764e-01
1.901901901901901738e+03,4.626412063289506715e-01,5.857037672124516536e-01
1.905905905905905684e+03,6.052668260614941786e-01,7.662678017938516772e-01
1.909909909909909857e+03,9.564870766189887963e-01,1.210912638999639857e+00
1.913913913913913802e+03,1.238016482913919303e+00,1.567328867369021772e+00
1.917917917917917748e+03,1.310648974135312672e+00,1.659281601255305993e+00
1.921921921921921921e+03,1.229447901034703694e+00,1.556481042709934925e+00
1.925925925925925867e+03,1.132338393362592122e+00,1.433540405997041578e+00
1.929929929929929813e+03,1.098105369325053537e+00,1.390201397565517860e+00
1.933933933933933758e+03,1.111495223399230348e+00,1.407152952823425673e+00
1.937937937937937932e+03,1.142671449188502386e+00,1.446622054672644042e+00
1.941941941941941650e+03,1.227107714881205291e+00,1.553518367039605774e+00
1.945945945945945823e+03,1.441793361950810093e+00,1.825310396229725685e+00
1.949949949949949769e+03,1.796309299606749788e+00,2.274127573302145322e+00
1.953953953953953715e+03,2.160264372370320984e+00,2.734894695420826416e+00
1.957957957957957888e+03,2.323304524934842963e+00,2.941303528567511538e+00
1.961961961961961833e+03,2.154823334980475735e+00,2.728006342085282476e+00
1.965965965965965779e+03,1.726414516116821618e+00,2.185640777403896173e+00
1.969969969969969952e+03,1.283457964523403438e+00,1.624857783086628871e+00
1.973973973973973898e+03,1.080513517969031057e+00,1.367930113748793364e+00
1.977977977977977844e+03,1.208904458113285729e+00,1.530473043971419589e+00
1.981981981981981789e+03,1.545577481939466979e+00,1.956701092135365139e+00
1.985985985985985963e+03,1.849962565312699869e+00,2.342052607685878307e+00
1.989989989989989908e+03,1.926011016474432402e+00,2.438329946856631736e+00
1.993993993993993854e+03,1.735321075950475800e+00,2.196916482153302486e+00
1.997997997997997572e+03,1.399971911022013682e+00,1.772364439353869336e+00
2.002002002002001973e+03,1.112038316900073598e+00,1.407840509195493306e+00
2.006006006006005919e+03,1.014266158125597173e+00,1.284060956187005997e+00
2.010010010010009864e+03,1.119458928443567425e+00,1.417235003409556215e+00
2.014014014014014037e+03,1.310446871409728598e+00,1.659025739204716521e+00
2.018018018018017983e+03,1.421694587395688991e+00,1.799865347642942259e+00
2.022022022022021929e+03,1.355840406763749284e+00,1.716493954962906798e+00
2.026026026026025647e+03,1.156046684342465269e+00,1.463555102377561257e+00
2.030030030030030048e+03,9.728364866969740898e-01,1.231610992158369111e+00
2.034034034034033994e+03,9.403114027940719932e-01,1.190434235937295249e+00
2.038038038038037939e+03,1.060026703819780813e+00,1.341993807035842590e+00
2.042042042042041658e+03,1.200090705603187091e+00,1.519314833293634814e+00
2.046046046046046058e+03,1.222846837331490022e+00,1.548124096061666233e+00
2.050050050050049776e+03,1.129556107374037888e+00,1.430018031935532008e+00
2.054054054054053722e+03,1.077470541544748528e+00,1.364077705595651668e+00
2.058058058058058123e+03,1.234306558064119042e+00,1.562632102509174725e+00
2.062062062062062068e+03,1.597125752504020335e+00,2.021961202670089719e+00
2.066066066066066014e+03,1.957004512964814591e+00,2.477567713413455497e+00
2.070070070070069960e+03,2.066316107896684073e+00,2.615956192597202357e+00
2.074074074074073906e+03,1.867081886286639403e+00,2.363725668038885619e+00
2.078078078078077851e+03,1.561127086608123493e+00,1.976386891645884436e+00
2.082082082082081797e+03,1.437894339479499628e+00,1.820374233781046458e+00
2.086086086086085743e+03,1.607681717904530627e+00,2.035325054867135997e+00
2.090090090090090143e+03,1.891946175871360936e+00,2.395203858653143225e+00
2.094094094094094089e+03,1.984818884119906368e+00,2.512780707295801719e+00
2.098098098098098035e+03,1.742472882047154670e+00,2.205970668671698220e+00
2.102102102102101981e+03,1.327798633408338258e+00,1.680993069894956227e+00
2.106106106106105926e+03,1.069428006182734592e+00,1.353895855827341954e+00
2.110110110110109872e+03,1.165388512478404248e+00,1.475381856797659763e+00
2.114114114114113818e+03,1.510122443476038079e+00,1.911815013440664401e+00
2.118118118118118218e+03,1.803333180123362744e+00,2.283019806036177268e+00
2.122122122122122164e+03,1.827794864874505709e+00,2.313988298931124010e+00
2.126126126126126110e+03,1.627399524986834933e+00,2.060287798633333001e+00
2.130130130130129601e+03,1.426542538927732862e+00,1.806002854282509729e+00
2.134134134134134001e+03,1.391996438468713793e+00,1.762267491101391803e+00
2.138138138138137947e+03,1.485691630298518140e+00,1.880885603957924035e+00
2.142142142142141893e+03,1.547449887417741810e+00,1.959071557470861036e+00
2.146146146146146293e+03,1.500211362173821117e+00,1.899267584512057683e+00
2.150150150150150239e+03,1.444434541231283342e+00,1.828654129198804767e+00
2.154154154154154185e+03,1.533060326501274329e+00,1.940854373350613615e+00
2.158158158158157676e+03,1.761787620168500546e+00,2.230423127133321692e+00
2.162162162162162076e+03,1.913784127311898065e+00,2.422850705176863073e+00
2.166166166166166022e+03,1.747107577389543698e+00,2.211838192975162709e+00
2.170170170170169968e+03,1.255714391913627548e+00,1.589734420162652428e+00
2.174174174174173913e+03,7.362614186727213239e-01,9.321069560396652021e-01
2.178178178178178314e+03,5.643579275246064508e-01,7.144771362461517228e-01
2.182182182182182260e+03,8.654946375163061756e-01,1.095716211095643544e+00
2.186186186186185751e+03,1.381854374630522075e+00,1.749427638282240904e+00
2.190190190190190151e+03,1.668057635328153543e+00,2.111760966325442190e+00
2.194194194194194097e+03,1.452497830245953914e+00,1.838862253091377852e+00
2.198198198198198043e+03,8.538468066072300022e-01,1.080970057164753140e+00
2.202202202202201988e+03,2.762549459601038038e-01,3.497387615854914422e-01
2.206206206206206389e+03,8.866917173016175546e-02,1.122551714103847825e-01
2.210210210210210334e+03,3.636909367917220415e-01,4.604327259783201343e-01
2.214214214214213825e+03,8.712651552718693182e-01,1.103021686574186644e+00
2.218218218218217771e+03,1.290669318722353687e+00,1.633987357502499904e+00
2.222222222222222172e+03,1.440201271548295026e+00,1.823294809780141579e+00
2.226226226226226117e+03,1.354178861771006437e+00,1.714390439002094313e+00
2.230230230230230063e+03,1.195897755064384338e+00,1.514006557911510509e+00
2.234234234234234009e+03,1.119357514786454955e+00,1.417106613719651964e+00
2.238238238238238409e+03,1.188418858319648219e+00,1.504538274632674533e+00
2.242242242242241900e+03,1.375528740981280418e+00,1.741419386082301068e+00
2.246246246246245846e+03,1.599074178091569376e+00,2.024427909463926589e+00
2.250250250250250247e+03,1.764455567883649101e+00,2.233800748940699687e+00
2.254254254254254192e+03,1.805674369976306926e+00,2.285983752390004398e+00
2.258258258258258138e+03,1.724582434398288511e+00,2.183321361948233452e+00
2.262262262262262084e+03,1.599330565028214357e+00,2.024752495325719437e+00
2.266266266266266484e+03,1.535188812789602508e+00,1.943549036991636836e+00
2.270270270270269975e+03,1.581195471034512412e+00,2.001793466329692794e+00
2.274274274274273921e+03,1.684797447972339546e+00,2.132953569132981730e+00
2.278278278278277867e+03,1.736846303730835039e+00,2.198847420523237339e+00
2.282282282282282267e+03,1.674340306072409135e+00,2.119714827487670039e+00
2.286286286286286213e+03,1.542850898721959796e+00,1.953249237782001213e+00
2.290290290290290159e+03,1.452269866748422178e+00,1.838573651303502476e+00
2.294294294294294559e+03,1.466180829673820352e+00,1.856184930367056563e+00
2.298298298298298050e+03,1.537578825352167611e+00,1.946574792895844341e+00
2.302302302302301996e+03,1.559959776477221949e+00,1.974909077020162940e+00
2.306306306306305942e+03,1.482498254609120769e+00,1.876842790335147004e+00
2.310310310310310342e+03,1.367391596426092759e+00,1.731117761075433581e+00
2.314314314314314288e+03,1.325721559060740962e+00,1.678363493770898218e+00
2.318318318318318234e+03,1.397693873964681366e+00,1.769480444439286648e+00
2.322322322322322179e+03,1.505652043648205707e+00,1.906155487258628378e+00
2.326326326326326125e+03,1.533068449142445333e+00,1.940864656614335715e+00
2.330330330330330071e+03,1.447029488021549959e+00,1.831939331835282347e+00
2.334334334334334017e+03,1.331977327008783130e+00,1.686283295993119546e+00
2.338338338338338417e+03,1.296121490201084026e+00,1.640889806594572287e+00
2.342342342342342363e+03,1.350952683314597280e+00,1.710306097076280230e+00
2.346346346346346309e+03,1.397141394075797516e+00,1.768781004899959708e+00
2.350350350350350254e+03,1.336631064880985598e+00,1.692174928139327683e+00
2.354354354354354200e+03,1.190758157034749187e+00,1.507499826805992482e+00
2.358358358358358146e+03,1.091666322994887306e+00,1.382049564911527417e+00
2.362362362362362092e+03,1.148553303917751123e+00,1.454068482759873104e+00
2.366366366366366037e+03,1.329189453346664607e+00,1.682753847936877545e+00
2.370370370370370438e+03,1.487043743619153480e+00,1.882597379421848460e+00
2.374374374374374383e+03,1.509651837271229757e+00,1.911219225985376857e+00
2.378378378378378329e+03,1.429476470752381045e+00,1.809717211972514450e+00
2.382382382382382275e+03,1.374831090272131018e+00,1.740536160284517964e+00
2.386386386386386221e+03,1.413565084538333849e+00,1.789573397025530754e+00
2.390390390390390166e+03,1.467349429302047259e+00,1.857664377496391905e+00
2.394394394394394112e+03,1.404841561852115062e+00,1.778529417304777871e+00
2.398398398398398513e+03,1.221553085566479790e+00,1.546486206327163382e+00
2.402402402402402458e+03,1.099129268159786399e+00,1.391497653490289643e+00
2.406406406406406404e+03,1.246609926561355497e+00,1.578208167026676101e+00
2.410410410410409895e+03,1.662501691671058879e+00,2.104727141655560629e+00
2.414414414414414296e+03,2.070220358007735406e+00,2.620898973237793417e+00
2.418418418418418241e+03,2.130768162793788889e+00,2.697552494096936648e+00
2.422422422422422187e+03,1.756336964652921662e+00,2.223522597250599198e+00
2.426426426426426588e+03,1.221378346734289577e+00,1.546264986965610655e+00
2.430430430430430533e+03,9.414948469364181616e-01,1.191932476221505555e+00
2.434434434434434024e+03,1.110598533175667146e+00,1.406017743000394615e+00
2.438438438438437970e+03,1.536637094026123140e+00,1.945382561037071856e+00
2.442442442442442371e+03,1.834931144740182374e+00,2.323022829241070841e+00
2.446446446446446316e+03,1.793445727340192475e+00,2.270502290812683732e+00
2.450450450450450262e+03,1.555390575364410388e+00,1.969124468411343587e+00
2.454454454454454208e+03,1.444155962421244777e+00,1.828301448425295961e+00
2.458458458458458608e+03,1.610698641724342739e+00,2.039144480423018102e+00
2.462462462462462099e+03,1.861855086873235532e+00,2.357108539981516593e+00
2.466466466466466045e+03,1.849227404166834177e+00,2.341121893675212284e+00
2.470470470470470445e+03,1.436969924696093859e+00,1.819203924665254934e+00
2.474474474474474391e+03,8.815406443274393933e-01,1.116030455718538317e+00
2.478478478478478337e+03,6.330749024856939799e-01,8.014728265468885615e-01
2.482482482482482283e+03,9.345416110898183693e-01,1.183129679639710163e+00
2.486486486486486683e+03,1.592671513870916877e+00,2.016322136560580791e+00
2.490490490490490174e+03,2.133127904285394116e+00,2.700539926825308967e+00
2.494494494494494120e+03,2.192791749001008039e+00,2.776074354235276598e+00
2.498498498498498066e+03,1.792252918602382783e+00,2.268992194950616881e+00
2.502502502502502466e+03,1.262990911874394717e+00,1.598946494432983645e+00
2.506506506506506412e+03,9.328986617514647417e-01,1.181049705777354353e+00
2.510510510510510358e+03,8.778740022107354157e-01,1.111388486798791098e+00
2.514514514514514303e+03,9.454722523229001085e-01,1.196967871440791642e+00
2.518518518518518249e+03,9.750057268858565163e-01,1.234357250237494430e+00
2.522522522522522195e+03,9.645839241329270397e-01,1.221163247952285813e+00
2.526526526526526141e+03,1.025990664051146695e+00,1.298904180688751797e+00
2.530530530530530541e+03,1.206238630704235648e+00,1.527098106471562300e+00
2.534534534534534487e+03,1.388157779167507044e+00,1.757407748426063954e+00
2.538538538538538432e+03,1.385559166518020247e+00,1.754117904811813844e+00
2.542542542542542378e+03,1.136920892033093100e+00,1.439341849313895860e+00
2.546546546546546324e+03,7.975805641195120588e-01,1.009736994175302272e+00
2.550550550550550270e+03,6.325886191149621141e-01,8.008571917995420675e-01
2.554554554554554215e+03,8.067943667713306510e-01,1.021401668332504675e+00
2.558558558558558161e+03,1.259727101685161665e+00,1.594814510733414847e+00
2.562562562562562562e+03,1.762970098503081839e+00,2.231920144704901521e+00
2.566566566566566507e+03,2.091106162446773276e+00,2.647340401657614972e+00
2.570570570570570453e+03,2.156913942959086672e+00,2.730653051786203545e+00
2.574574574574574399e+03,2.023817942201087572e+00,2.562153514826576828e+00
2.578578578578578345e+03,1.826488790390055295e+00,2.312334808633810024e+00
2.582582582582582290e+03,1.684465913836887596e+00,2.132533846917499698e+00
2.586586586586586236e+03,1.656644249687995396e+00,2.097311620105001939e+00
2.590590590590590637e+03,1.727951871682948504e+00,2.187587069550612995e+00
2.594594594594594582e+03,1.812749147136167416e+00,2.294940420274388160e+00
2.598598598598598528e+03,1.788712511908752134e+00,2.264510040076480379e+00
2.602602602602602019e+03,1.574569510246392134e+00,1.993404999971932545e+00
2.606606606606606420e+03,1.213486996228813730e+00,1.536274537225678305e+00
2.610610610610610365e+03,8.820491962691973109e-01,1.116674282476803892e+00
2.614614614614614311e+03,7.845614666608886623e-01,9.932548167926850136e-01
2.618618618618618711e+03,9.986063861356364590e-01,1.264235684847715868e+00
2.622622622622622657e+03,1.404894989016949980e+00,1.778597056095458706e+00
2.626626626626626603e+03,1.776401001222179143e+00,2.248923667547278793e+00
2.630630630630630094e+03,1.957167654806431623e+00,2.477774250984942306e+00
2.634634634634634494e+03,1.969966219331009016e+00,2.493977233673057459e+00
2.638638638638638440e+03,1.954473103300120584e+00,2.474362948777952376e+00
2.642642642642642386e+03,2.001734076219617187e+00,2.534195340494035609e+00
2.646646646646646332e+03,2.054209505291946236e+00,2.600629233699604193e+00
2.650650650650650732e+03,1.974848050479500072e+00,2.500157631907047318e+00
2.654654654654654678e+03,1.715022804286690183e+00,2.171218870226949704e+00
2.658658658658658169e+03,1.405191904246176238e+00,1.778972950775659090e+00
2.662662662662662569e+03,1.264895666850469169e+00,1.601357914232693913e+00
2.666666666666666515e+03,1.410071846886258751e+00,1.785150958158003620e+00
2.670670670670670461e+03,1.742718927244390148e+00,2.206282161891397919e+00
2.674674674674674407e+03,2.031148603658599949e+00,2.571434132231787739e+00
2.678678678678678807e+03,2.104957795321617198e+00,2.664876568877167617e+00
2.682682682682682753e+03,1.981901296917605082e+00,2.509087041897688053e+00
2.686686686686686244e+03,1.818123387887684128e+00,2.301744209065808011e+00
2.690690690690690190e+03,1.748244003697892346e+00,2.213276908681531818e+00
2.694694694694694590e+03,1.778974483984910648e+00,2.252181696724897098e+00
2.698698698698698536e+03,1.827318869031902882e+00,2.313385688194389278e+00
2.702702702702702481e+03,1.837370731085737674e+00,2.326111345554544130e+00
2.706706706706706882e+03,1.835850445094616035e+00,2.324186663489783644e+00
2.710710710710710828e+03,1.868294910291132371e+00,2.365261356428573603e+00
2.714714714714714319e+03,1.899891352533783273e+00,2.405262452307769472e+00
2.718718718718718264e+03,1.810038376399719207e+00,2.291508584522044423e+00
2.722722722722722665e+03,1.507680851058347704e+00,1.908723957439868002e+00
2.726726726726726611e+03,1.055096150982701708e+00,1.335751727144100398e+00
2.730730730730730556e+03,6.629643776286877621e-01,8.393129020779187544e-01
2.734734734734734502e+03,5.411174835117991133e-01,6.850547341259377587e-01
2.738738738738738903e+03,7.346021107690674512e-01,9.300062722336394083e-01
2.742742742742742394e+03,1.094452646245386962e+00,1.385577050146659772e+00
2.746746746746746339e+03,1.406228318632961383e+00,1.780285051389329132e+00
2.750750750750750740e+03,1.554430859069395154e+00,1.967909467581854477e+00
2.754754754754754686e+03,1.579468339282209977e+00,1.999606917531278061e+00
2.758758758758758631e+03,1.598049875094052164e+00,2.023131141869070060e+00
2.762762762762762577e+03,1.684561506108563700e+00,2.132654866733441956e+00
2.766766766766766978e+03,1.825295564997283515e+00,2.310824185286560972e+00
2.770770770770770469e+03,1.960918152461088360e+00,2.482522381015737967e+00
2.774774774774774414e+03,2.041268709864478836e+00,2.584246186688430313e+00
2.778778778778778360e+03,2.028290801073644456e+00,2.567816154159233921e+00
2.782782782782782760e+03,1.871092343873075992e+00,2.368802907343314335e+00
2.786786786786786706e+03,1.526503339236912282e+00,1.932553227473930768e+00
2.790790790790790652e+03,1.040635481269809315e+00,1.317444519287578553e+00
2.794794794794794598e+03,6.044639835465848154e-01,7.652514031699764185e-01
2.798798798798798543e+03,4.785183587623970114e-01,6.058042421931947308e-01
2.802802802802802489e+03,7.966675350287970581e-01,1.008581099346457233e+00
2.806806806806806435e+03,1.404727018627320856e+00,1.778384405582188243e+00
2.810810810810810835e+03,1.906932061388400879e+00,2.414175989717715520e+00
2.814814814814814781e+03,1.933452363885510339e+00,2.447750692679055984e+00
2.818818818818818727e+03,1.435164936595709539e+00,1.816918809730168283e+00
2.822822822822822673e+03,7.548829266582733899e-01,9.556817851493741856e-01
2.826826826826826618e+03,3.904684795093135152e-01,4.943330950587909167e-01
2.830830830830830564e+03,6.222242531324878589e-01,7.877359044657296083e-01
2.834834834834834510e+03,1.299418636940339766e+00,1.645063994366470217e+00
2.838838838838838456e+03,1.956369645275864322e+00,2.476763970919244162e+00
2.842842842842842856e+03,2.161989253809823541e+00,2.737078395323236712e+00
2.846846846846846802e+03,1.825491515756199501e+00,2.311072258947348690e+00
2.850850850850850748e+03,1.232000619015171550e+00,1.559712783673207204e+00
2.854854854854854693e+03,8.079113051073146812e-01,1.022815712265860322e+00
2.858858858858858639e+03,8.186919204291335239e-01,1.036463971263283046e+00
2.862862862862862585e+03,1.222434950051553004e+00,1.547602646765266154e+00
2.866866866866866530e+03,1.750524119376794641e+00,2.216163535131022044e+00
2.870870870870870931e+03,2.110450572127152036e+00,2.671830424312974461e+00
2.874874874874874877e+03,2.147259365369957429e+00,2.718430356558366512e+00
2.878878878878878822e+03,1.877867549808700964e+00,2.377380318057815245e+00
2.882882882882882313e+03,1.429416635518107936e+00,1.809641460565924787e+00
2.886886886886886714e+03,9.630214891416876144e-01,1.219185205253376481e+00
2.890890890890890660e+03,6.277278569271685926e-01,7.947034668697954274e-01
2.894894894894894605e+03,5.309730344920321476e-01,6.722118616669127134e-01
2.898898898898899006e+03,7.009287468017789680e-01,8.873757934510522194e-01
2.902902902902902952e+03,1.055673149389849463e+00,1.336482207127549282e+00
2.906906906906906897e+03,1.425513020359280736e+00,1.804699483774849345e+00
2.910910910910910388e+03,1.646810956303394136e+00,2.084862670680097008e+00
2.914914914914914789e+03,1.674296466487361190e+00,2.119659326572999269e+00
2.918918918918918735e+03,1.616601642368897807e+00,2.046617679239024490e+00
2.922922922922922680e+03,1.644183701825911781e+00,2.081536566511604125e+00
2.926926926926926626e+03,1.827901421039110019e+00,2.314123199035513334e+00
2.930930930930931027e+03,2.046252766532376199e+00,2.590556002429988514e+00
2.934934934934934972e+03,2.064052177750527406e+00,2.613090057032167568e+00
2.938938938938938463e+03,1.743829056194738936e+00,2.207687585142539266e+00
2.942942942942942864e+03,1.216439736291147211e+00,1.540012706144592292e+00
2.946946946946946809e+03,8.386585069801206771e-01,1.061741669836832713e+00
2.950950950950950755e+03,9.289076372946636351e-01,1.175997068815044067e+00
2.954954954954954701e+03,1.476364854857372899e+00,1.869077906249434262e+00
2.958958958958959101e+03,2.081306456364624413e+00,2.634933973757614289e+00
2.962962962962962592e+03,2.222582435431560643e+00,2.813789363256355980e+00
2.966966966966966538e+03,1.672265006730193848e+00,2.117087498520425104e+00
2.970970970970970484e+03,7.211150771727266040e-01,9.129316877006719011e-01
2.974974974974974884e+03,0.000000000000000000e+00,0.000000000000000000e+00
2.978978978978978830e+03,8.019358073270588250e-03,1.015250732076056379e-02
2.982982982982982776e+03,7.195721803597192601e-01,9.109783803354045695e-01
2.986986986986987176e+03,1.600918181950015562e+00,2.026762418348719841e+00
2.990990990990990667e+03,2.034581393708402075e+00,2.575780044434837102e+00
2.994994994994994613e+03,1.802878798092269585e+00,2.282444558384813416e+00
2.998998998998998559e+03,1.226855855405200701e+00,1.553199512942984084e+00
3.003003003003002959e+03,8.533293896967522052e-01,1.080315007356088319e+00
3.007007007007006905e+03,9.748283886268349629e-01,1.234132740001573136e+00
3.011011011011010851e+03,1.405513228399067227e+00,1.779379747153219116e+00
3.015015015015014797e+03,1.695776049671021468e+00,2.146852478883513271e+00
3.019019019019018742e+03,1.568981523295213565e+00,1.986330608491740257e+00
3.023023023023022688e+03,1.171446357801297022e+00,1.483051088976442111e+00
3.027027027027026634e+03,9.141254334780497537e-01,1.157282798783211053e+00
3.031031031031031034e+03,1.070411127392274953e+00,1.355140487278620132e+00
3.035035035035034980e+03,1.515609012302053360e+00,1.918761009574399878e+00
3.039039039039038926e+03,1.848023517459650877e+00,2.339597773103918144e+00
3.043043043043042871e+03,1.766376385736621035e+00,2.236232504342562155e+00
3.047047047047046817e+03,1.343462634027748015e+00,1.700823694679129083e+00
3.051051051051050763e+03,9.474196178753059305e-01,1.199433236230137423e+00
3.055055055055054709e+03,9.006254398736979194e-01,1.140191806880101577e+00
3.059059059059058654e+03,1.203099426812485051e+00,1.523123874344606055e+00
3.063063063063063055e+03,1.565453298112815750e+00,1.981863875410824871e+00
3.067067067067067001e+03,1.692668932631885781e+00,2.142918868711967129e+00
3.071071071071070946e+03,1.535489385924371675e+00,1.943929562580254400e+00
3.075075075075074437e+03,1.286141428939498343e+00,1.628255049037405033e+00
3.079079079079078838e+03,1.157923875407625314e+00,1.465931626266053556e+00
3.083083083083082784e+03,1.185007433439811741e+00,1.500219410734801695e+00
3.087087087087086729e+03,1.228271563177014469e+00,1.554991798982100493e+00
3.091091091091091130e+03,1.150472926820259811e+00,1.456498725354448798e+00
3.095095095095095076e+03,9.649090734070702169e-01,1.221574886933350923e+00
3.099099099099099021e+03,8.144311156571710786e-01,1.031069792421978493e+00
3.103103103103102512e+03,8.245257054492225457e-01,1.043849543098715804e+00
3.107107107107106913e+03,9.921297489164300210e-01,1.256036262128200409e+00
3.111111111111110858e+03,1.211047575166496193e+00,1.533186230160784147e+00
3.115115115115114804e+03,1.381535000854418049e+00,1.749023311081693288e+00
3.119119119119118750e+03,1.477672010307351069e+00,1.870732765049106350e+00
3.123123123123123150e+03,1.518518458861904286e+00,1.922444368919171032e+00
3.127127127127127096e+03,1.508078799207825726e+00,1.909227759797107460e+00
3.131131131131130587e+03,1.433442740186251507e+00,1.814738509075794370e+00
3.135135135135134988e+03,1.320026460383377120e+00,1.671153498845355356e+00
3.139139139139138933e+03,1.255804451255536636e+00,1.589848435289509254e+00
3.143143143143142879e+03,1.325629954487785422e+00,1.678247522381536294e+00
3.147147147147146825e+03,1.512997420451466901e+00,1.915454734291557326e+00
3.151151151151151225e+03,1.688402316958114380e+00,2.137517333268972752e+00
3.155155155155155171e+03,1.722769818068668801e+00,2.181026589674934790e+00
3.159159159159158662e+03,1.619263575920896203e+00,2.049987687115854662e+00
3.163163163163162608e+03,1.514536521280339221e+00,1.917403235940909667e+00
3.167167167167167008e+03,1.528004688353086227e+00,1.934453935455007212e+00
3.171171171171170954e+03,1.610474754441493017e+00,2.038861039122930041e+00
3.175175175175174900e+03,1.567740623263038646e+00,1.984759629051007002e+00
3.179179179179179300e+03,1.262312944647223878e+00,1.598088187923385473e+00
3.183183183183183246e+03,7.958270792549144712e-01,1.007517082336721659e+00
3.187187187187186737e+03,4.659305881782759284e-01,5.898681246336974215e-01
3.191191191191190683e+03,5.073019103908525951e-01,6.422442185548193905e-01
3.195195195195195083e+03,8.578409259436734491e-01,1.086026612244690659e+00
3.199199199199199029e+03,1.191872158219234201e+00,1.508910152305550367e+00
3.203203203203202975e+03,1.210619469263267467e+00,1.532644248087296601e+00
3.207207207207206920e+03,9.191723639678971436e-01,1.163672212783357862e+00
3.211211211211211321e+03,6.179692367896760796e-01,7.823490537757299412e-01
3.215215215215214812e+03,6.107399222259983773e-01,7.731967415381140185e-01
3.219219219219218758e+03,9.123960558247268260e-01,1.155093406674104095e+00
3.223223223223223158e+03,1.244031337400268056e+00,1.574943673148739398e+00
3.227227227227227104e+03,1.317803517502565747e+00,1.668339253158248381e+00
3.231231231231231050e+03,1.124954940174370144e+00,1.424192954260752542e+00
3.235235235235234995e+03,9.380180251754020038e-01,1.187530819872058885e+00
3.239239239239239396e+03,1.026809749624717272e+00,1.299941143024892165e+00
3.243243243243242887e+03,1.375770406394503320e+00,1.741725334495441091e+00
3.247247247247246833e+03,1.687123362822158690e+00,2.135898177332852921e+00
3.251251251251250778e+03,1.665979122725123496e+00,2.109129569370006507e+00
3.255255255255255179e+03,1.303634503178335846e+00,1.650401281023773148e+00
3.259259259259259125e+03,8.839462450014181627e-01,1.119075946171795399e+00
3.263263263263263070e+03,7.177292340560167405e-01,9.086452103149171844e-01
3.267267267267267471e+03,8.724956582315179787e-01,1.104579503321101885e+00
3.271271271271270962e+03,1.149896594922196869e+00,1.455769089171501163e+00
3.275275275275274907e+03,1.302802817878659924e+00,1.649348367434383622e+00
3.279279279279278853e+03,1.255383126516580683e+00,1.589315038169991201e+00
3.283283283283283254e+03,1.119317008033097416e+00,1.417055332169901316e+00
3.287287287287287199e+03,1.032946082434353041e+00,1.307709740361890915e+00
3.291291291291291145e+03,1.025985980837468059e+00,1.298898251740234766e+00
3.295295295295295091e+03,1.049804346153508039e+00,1.329052302230341098e+00
3.299299299299299037e+03,1.101764810808315787e+00,1.394834250483327986e+00
3.303303303303302982e+03,1.261185230285107650e+00,1.596660501540946298e+00
3.307307307307306928e+03,1.570995429638463392e+00,1.988880213922294526e+00
3.311311311311311329e+03,1.905506519952507860e+00,2.412371254259874753e+00
3.315315315315315274e+03,2.013613557272606158e+00,2.549234763507119528e+00
3.319319319319319220e+03,1.743496425415703488e+00,2.207266474576280668e+00
3.323323323323323166e+03,1.232597407038402482e+00,1.560468317310617747e+00
3.327327327327327112e+03,8.419615773546758053e-01,1.065923356931019583e+00
3.331331331331331057e+03,8.593094464554494882e-01,1.087885759212599002e+00
3.335335335335335003e+03,1.244698329145955906e+00,1.575788084698780178e+00
3.339339339339338949e+03,1.674301458744610116e+00,2.119665646770676481e+00
3.343343343343343349e+03,1.849855147601222827e+00,2.341916616863148448e+00
3.347347347347347295e+03,1.771150810782491147e+00,2.242276926450633923e+00
3.351351351351351241e+03,1.700738993695087187e+00,2.153135566017980729e+00
3.355355355355355186e+03,1.861731765133063821e+00,2.356952414658458839e+00
3.359359359359359132e+03,2.184212665273322251e+00,2.765213234236025830e+00
3.363363363363363078e+03,2.366198581828364844e+00,2.995607404594709866e+00
3.367367367367367024e+03,2.187531318619606591e+00,2.769414649372421877e+00
3.371371371371371424e+03,1.748342080927014486e+00,2.213401074453600348e+00
3.375375375375375370e+03,1.378796434463901432e+00,1.745556286031299198e+00
3.379379379379379316e+03,1.309765136421092047e+00,1.658162662709102619e+00
3.383383383383382807e+03,1.447494442454948738e+00,1.832527964147965038e+00
3.387387387387387207e+03,1.490259936699843690e+00,1.886669079862002274e+00
3.391391391391391153e+03,1.266176750266394091e+00,1.602979765837254877e+00
3.395395395395395099e+03,9.336447002992540600e-01,1.181994190578855797e+00
3.399399399399399044e+03,8.236889403242265706e-01,1.042790198450470829e+00
3.403403403403403445e+03,1.079835717729773714e+00,1.367072018645893561e+00
3.407407407407407391e+03,1.474233478241596895e+00,1.866379583453861679e+00
3.411411411411410882e+03,1.608543801496425951e+00,2.036416452694475243e+00
3.415415415415415282e+03,1.311778568785324950e+00,1.660711668082221593e+00
3.419419419419419228e+03,8.324854954243465777e-01,1.053926637207222683e+00
3.423423423423423174e+03,6.176404867220313122e-01,7.819328561900916741e-01
3.427427427427427119e+03,8.842232677828630871e-01,1.119426657013104620e+00
3.431431431431431520e+03,1.402979912037755517e+00,1.776172568639798666e+00
3.435435435435435465e+03,1.708620576296385973e+00,2.163113649591224874e+00
3.439439439439438956e+03,1.531973506556661979e+00,1.939478459300734148e+00
3.443443443443442902e+03,1.036991567572038475e+00,1.312831324546200884e+00
3.447447447447447303e+03,6.464488163511169505e-01,8.184042015005140724e-01
3.451451451451451248e+03,6.445849688726466020e-01,8.160445705927705795e-01
3.455455455455455194e+03,9.465549854009174258e-01,1.198338611517561603e+00
3.459459459459459595e+03,1.234818985688412862e+00,1.563280835881530662e+00
3.463463463463463086e+03,1.291591272180916850e+00,1.635154550581040755e+00
3.467467467467467031e+03,1.183568683515228814e+00,1.498397953330279808e+00
3.471471471471470977e+03,1.138016289482196797e+00,1.440728622484461319e+00
3.475475475475475378e+03,1.276233567838990002e+00,1.615711696884161386e+00
3.479479479479479323e+03,1.497506727089358947e+00,1.895843516495128389e+00
3.483483483483483269e+03,1.618636300965703656e+00,2.049193557022581214e+00
3.487487487487487215e+03,1.590741947691950653e+00,2.013879305778009776e+00
3.491491491491491161e+03,1.543144476497589235e+00,1.953620907245947835e+00
3.495495495495495106e+03,1.609774105289741852e+00,2.037974017296813489e+00
3.499499499499499052e+03,1.742053334865527825e+00,2.205439521939758230e+00
3.503503503503503453e+03,1.729972246015472059e+00,2.190144863455587565e+00
3.507507507507507398e+03,1.423126954972516511e+00,1.801678724995205760e+00
3.511511511511511344e+03,9.185455289327667527e-01,1.162878639628882826e+00
3.515515515515515290e+03,5.077911454776987688e-01,6.428635901747666859e-01
3.519519519519519235e+03,4.258737072215943442e-01,5.391561133425384345e-01
3.523523523523523181e+03,6.515934837585918293e-01,8.249173504383773281e-01
3.527527527527527127e+03,9.535839321194954366e-01,1.207237258063281304e+00
3.531531531531531073e+03,1.120882033003121947e+00,1.419036653781952317e+00
3.535535535535535473e+03,1.134853769039025240e+00,1.436724871603406006e+00
3.539539539539539419e+03,1.119813712566728681e+00,1.417684160109478508e+00
3.543543543543543365e+03,1.156778325635626770e+00,1.464481360254703546e+00
3.547547547547547310e+03,1.186236670228183243e+00,1.501775624508880025e+00
3.551551551551551256e+03,1.110396474339096606e+00,1.405761936513296506e+00
3.555555555555555202e+03,9.660745494742349893e-01,1.223050379634381679e+00
3.559559559559559148e+03,9.463851716280597959e-01,1.198123627281123760e+00
3.563563563563563548e+03,1.212667999776534833e+00,1.535237687717093236e+00
3.567567567567567494e+03,1.683344143957689720e+00,2.131113686250435180e+00
3.571571571571571440e+03,2.040668920548287524e+00,2.583486853414131978e+00
3.575575575575574931e+03,1.985855575743643797e+00,2.514093158891453239e+00
3.579579579579579331e+03,1.510914826043998405e+00,1.912818169771701937e+00
3.583583583583583277e+03,9.205886179642145395e-01,1.165465190342695578e+00
3.587587587587587223e+03,5.766905006605596018e-01,7.300901738362685078e-01
3.591591591591591623e+03,6.088509450266805789e-01,7.708052964037777066e-01
3.595595595595595569e+03,8.608054251263652645e-01,1.089779668209978514e+00
3.599599599599599514e+03,1.096003391938138005e+00,1.387540294193682744e+00
3.603603603603603005e+03,1.227979892362074610e+00,1.554622543730386441e+00
3.607607607607607406e+03,1.337717918155085561e+00,1.693550884384338318e+00
3.611611611611611352e+03,1.488220471563438174e+00,1.884087116999312750e+00
3.615615615615615297e+03,1.574853418611488198e+00,1.993764427962144037e+00
3.619619619619619243e+03,1.409615727558707787e+00,1.784573511089323938e+00
3.623623623623623644e+03,9.683848715310107158e-01,1.225975247358259690e+00
3.627627627627627589e+03,5.231011717982717579e-01,6.622460834966120702e-01
3.631631631631631080e+03,4.701103423902136536e-01,5.951596934660104976e-01
3.635635635635635481e+03,9.756723308306316511e-01,1.235201170831579764e+00
3.639639639639639427e+03,1.773270618422819078e+00,2.244960602923288917e+00
3.643643643643643372e+03,2.332526989245330640e+00,2.952979168384588515e+00
3.647647647647647318e+03,2.273852803732747674e+00,2.878697649525658875e+00
3.651651651651651719e+03,1.663368429660694980e+00,2.105824431950440001e+00
3.655655655655655664e+03,9.280946122595061798e-01,1.174967779120534850e+00
3.659659659659659155e+03,4.822399230093097344e-01,6.105157425297861318e-01
3.663663663663663101e+03,4.125947888283760800e-01,5.223450026567241222e-01
3.667667667667667502e+03,4.929473797992687256e-01,6.240713828258741547e-01
3.671671671671671447e+03,4.732060147641931058e-01,5.990788146914685086e-01
3.675675675675675393e+03,3.397628955764389058e-01,4.301398257997716690e-01
3.679679679679679339e+03,3.009913832109003540e-01,3.810550911449998579e-01
3.683683683683683739e+03,5.385618507198259852e-01,6.818193030112997821e-01
3.687687687687687230e+03,9.896704650765915101e-01,1.252922808786964826e+00
3.691691691691691176e+03,1.377048967326297335e+00,1.743343992635092432e+00
3.695695695695695576e+03,1.450486231807434967e+00,1.836315569468212727e+00
3.699699699699699522e+03,1.203720872640517747e+00,1.523910624762895516e+00
3.703703703703703468e+03,8.687784218933631841e-01,1.099873482116997980e+00
3.707707707707707414e+03,7.083993092392865121e-01,8.968335254969367343e-01
3.711711711711711814e+03,8.054940601280283774e-01,1.019755480122084057e+00
3.715715715715715305e+03,1.028680672416778741e+00,1.302309731279641891e+00
3.719719719719719251e+03,1.178574629880659641e+00,1.492075481428915218e+00
3.723723723723723197e+03,1.166949696533028602e+00,1.477358315810814116e+00
3.727727727727727597e+03,1.077794569790300860e+00,1.364487925354521014e+00
3.731731731731731543e+03,1.079588602937325836e+00,1.366759171318654653e+00
3.735735735735735489e+03,1.277562234813556463e+00,1.617393789273962712e+00
3.739739739739739889e+03,1.621576902018653454e+00,2.052916357955615112e+00
3.743743743743743380e+03,1.926972724037811169e+00,2.439547468631868998e+00
3.747747747747747326e+03,1.987645341630880580e+00,2.516359002504694686e+00
3.751751751751751272e+03,1.711351524386369949e+00,2.166571029873144205e+00
3.755755755755755672e+03,1.195897911463246199e+00,1.514006755912469693e+00
3.759759759759759618e+03,6.894589433580396998e-01,8.728550222912783152e-01
3.763763763763763563e+03,4.413823229445169583e-01,5.587900208477585284e-01
3.767767767767767509e+03,5.323010662907733392e-01,6.738931499241190837e-01
3.771771771771771455e+03,8.131966206053169444e-01,1.029506921686331289e+00
3.775775775775775401e+03,1.022073481900795944e+00,1.293945028086407545e+00
3.779779779779779346e+03,1.003666380358432697e+00,1.270641637533775903e+00
3.783783783783783747e+03,8.491400200373402374e-01,1.075011265367272761e+00
3.787787787787787693e+03,8.177824966155691211e-01,1.035312640715310595e+00
3.791791791791791638e+03,1.090340383911004185e+00,1.380370926031331269e+00
3.795795795795795584e+03,1.572119077681797039e+00,1.990302752345155080e+00
3.799799799799799530e+03,1.941202299059810565e+00,2.457562110609720296e+00
3.803803803803803476e+03,1.919922450150090665e+00,2.430621821890014633e+00
3.807807807807807421e+03,1.530128037691738996e+00,1.937142095717741874e+00
3.811811811811811367e+03,1.090689559803439179e+00,1.380812982711154158e+00
3.815815815815815768e+03,9.479287185071303412e-01,1.200077757630026998e+00
3.819819819819819713e+03,1.181978444861188304e+00,1.496384711194264305e+00
3.823823823823823659e+03,1.557919608674256828e+00,1.972326224581609333e+00
3.827827827827827605e+03,1.758279226914364557e+00,2.225981501273585739e+00
3.831831831831831551e+03,1.667265288533766210e+00,2.110757855283747819e+00
3.835835835835835496e+03,1.438515920729857456e+00,1.821161155643999718e+00
3.839839839839839442e+03,1.302708430750058932e+00,1.649228873329574574e+00
3.843843843843843842e+03,1.329961906239551794e+00,1.683731773299272705e+00
3.847847847847847788e+03,1.392615587963496937e+00,1.763051334361787292e+00
3.851851851851851734e+03,1.350522825756145684e+00,1.709761897407280351e+00
3.855855855855855225e+03,1.240698311788302810e+00,1.570724062723991343e+00
3.859859859859859625e+03,1.250492564436260556e+00,1.583123586576305808e+00
3.863863863863863571e+03,1.492974962354311153e+00,1.890106302340557987e+00
3.867867867867867517e+03,1.830819999040098178e+00,2.317818118784764625e+00
3.871871871871871917e+03,1.962200149984185238e+00,2.484145389879978794e+00
3.875875875875875863e+03,1.710922866644412288e+00,2.166028349171825962e+00
3.879879879879879809e+03,1.232165491949908986e+00,1.559921512808584820e+00
3.883883883883883300e+03,9.049626361738507541e-01,1.145682697396095184e+00
3.887887887887887700e+03,9.892265290486876861e-01,1.252360785775638696e+00
3.891891891891891646e+03,1.373479684091075903e+00,1.738825280059302036e+00
3.895895895895895592e+03,1.669667196288036504e+00,2.113798670500654175e+00
3.899899899899899538e+03,1.578530498354659750e+00,1.998419610916999156e+00
3.903903903903903938e+03,1.178028640819875239e+00,1.491384259277962032e+00
3.907907907907907429e+03,8.514459346669869255e-01,1.077930553288405369e+00
3.911911911911911830e+03,9.165957227480366898e-01,1.160410184999014493e+00
3.915915915915915775e+03,1.309295538144102489e+00,1.657568151290433889e+00
3.919919919919919721e+03,1.627596729361479033e+00,2.060537459371632352e+00
3.923923923923923667e+03,1.501345449399436482e+00,1.900703338939686571e+00
3.927927927927927612e+03,9.431019880271527267e-01,1.193967116842375331e+00
3.931931931931931558e+03,3.542753199461554647e-01,4.485125550518328508e-01
3.935935935935935504e+03,1.818530827486668500e-01,2.302260027598122261e-01
3.939939939939939904e+03,5.385940311006870429e-01,6.818600433734698374e-01
3.943943943943943850e+03,1.121056250753224681e+00,1.419257213453582578e+00
3.947947947947947796e+03,1.480900481052761286e+00,1.874820009012795774e+00
3.951951951951951742e+03,1.395339275618952657e+00,1.766499522933594024e+00
3.955955955955955687e+03,1.019469375370040565e+00,1.290648229218471332e+00
3.959959959959959633e+03,7.188629563958712776e-01,9.100805027971731187e-01
3.963963963963963579e+03,7.580216019294857555e-01,9.596553480427288951e-01
3.967967967967967979e+03,1.114097348376762442e+00,1.410447243044981258e+00
3.971971971971971925e+03,1.542355410830638096e+00,1.952621950111588012e+00
3.975975975975975871e+03,1.797266999048283243e+00,2.275340020795126872e+00
3.979979979979979817e+03,1.808590341910138788e+00,2.289675372858235747e+00
3.983983983983983762e+03,1.687671813887860583e+00,2.136592516382031626e+00
3.987987987987987708e+03,1.596971740712759269e+00,2.021766223742353485e+00
3.991991991991991654e+03,1.612981179026116152e+00,2.042034172647063439e+00
3.995995995995995145e+03,1.688739203524925570e+00,2.137943831662555638e+00
4.000000000000000000e+03,1.724382021016286126e+00,2.183067638606618566e+00
